김상현,대구광역시 중랑구 서초대12길,37870,김배황,보육 교사,02-6094-9229,junho84@example.net,sbae,172.29.97.45,104.131.198.238,최적화된 웹 사용 가능 전략,Snow
이승민,제주특별자치도 옥천군 강남대길,90722,이오박,기타 전기/전자기기 설치 및 수리원,053-096-3182,gwangsugang@example.com,donghyeon02,172.31.202.242,74.214.92.224,숙련된 장거리 공개 시스템,DeepSkyBlue
김윤서,충청북도 증평군 논현154가 (은정전안리),93532,(주) 권,측량 및 지리정보 전문가,052-451-2597,ojeong@example.org,hongjunseo,172.25.192.117,196.33.34.48,융합력있는 범국가적 인터페이스,Gold
이수진,인천광역시 남구 잠실496거리,59291,김오최,기타 배관공,011-981-9680,cgim@example.com,esong,192.168.123.104,146.145.254.75,조절 가능한 하이브리드 하드웨어,Peru
김정숙,광주광역시 강동구 서초중앙길,16653,박오,중식 주방장 및 조리사,019-493-0312,gimhyeonu@example.org,jeongnamgim,172.24.55.185,136.247.223.81,독보적인 분리된 함수,Plum
오은정,경상북도 용인시 수지구 반포대12로 (도윤최김읍),43886,유한회사 손,사회과학 연구원,041-216-3015,simboram@example.com,jihyeon49,10.93.51.178,82.58.13.166,원활한 분석중인 회로,Indigo
이현숙,부산광역시 중랑구 영동대길 (숙자최한동),68903,주식회사 장이이,시멘트 및 광물제품 제조기 조작원,070-4446-9981,junyeonggang@example.org,iujin,10.48.59.66,130.232.157.245,1:1 환경 친화적 그룹웨어,MediumSlateBlue
양경숙,부산광역시 서대문구 봉은사가,97678,(주) 이박김,제품 생산관련 관리자,010-8281-7311,minseoson@example.com,seongminson,192.168.78.150,183.50.55.20,공유 가능한 필수 암호화,NavajoWhite
황미영,경기도 당진시 테헤란로 (성현김동),32770,(주) 이지장,관세사,019-420-5444,jeongsuca@example.org,ngweon,192.168.171.64,187.234.94.208,비전 있는 다음 세대 마이그레이션,Magenta
장준혁,광주광역시 종로구 오금로,19899,김안이,기자 및 논설위원,053-693-6484,caeweon72@example.org,bageungyeong,192.168.134.35,99.203.112.190,원활한 분리형 인트라넷,LightSkyBlue
김예원,울산광역시 서초구 양재천가 (은경김김읍),82049,하박하,비서,061-080-1442,seojeongsug@example.net,seongho98,172.30.120.67,156.159.170.0,올바른 사이즈의 문맥 기반 예산 관리,MediumVioletRed
김상현,서울특별시 영등포구 개포가,80825,손강,환경/청소 및 경비 관련 관리자,055-601-7772,dgim@example.com,yeonghwan55,192.168.211.187,129.83.213.9,반동적인 분리형 유연성,MediumSlateBlue
박지아,서울특별시 동작구 반포대2로 (춘자김읍),08208,유한회사 이안이,기타 종교관련 종사자,032-615-7891,minji76@example.org,caeweon73,10.130.55.168,150.86.13.193,특별한 분석중인 배열,LightPink
장미영,대구광역시 성북구 서초중앙가 (상철김류리),15233,이이송,위생사,063-875-9009,cgim@example.com,mi,172.26.231.158,213.159.229.161,안전한 밀착 보안구역,Khaki
박성호,서울특별시 서대문구 개포가,99732,박최오,법무사 및 집행관,042-293-6969,hyejin67@example.com,seongminsong,192.168.53.165,159.53.175.156,비즈니스 중점적 3세대 보안구역,DarkCyan
송채원,경상북도 김포시 삼성35거리,92263,주식회사 박남김,바닥재 시공원,063-489-9239,dohyeon04@example.org,ngim,10.141.185.58,194.50.39.163,조직화된 6세대 엔진,Chocolate
김서현,경상남도 철원군 언주거리 (동현김권읍),39471,김이,경찰관,031-036-0369,minsu51@example.com,ii,10.95.241.66,145.134.141.226,단체 기반의 작동 GUI,MediumBlue
김건우,울산광역시 용산구 압구정55로 (예은박이리),90602,류강,상품기획 전문가,055-370-2376,ngim@example.org,jieun26,172.25.26.190,59.243.75.22,안정적인 하이브리드 프레임,Lime
지시우,서울특별시 송파구 역삼길 (지연이면),74445,안이,기타 식품가공관련 기계조작원,051-879-7167,hyeonju35@example.net,igim,172.24.252.206,55.234.124.17,크로스 플랫폼 취약점 모니터링,BlueViolet
김서영,부산광역시 은평구 삼성044거리,43103,(주) 오,미장공,053-233-1255,seunghyeongim@example.org,ijia,172.30.190.187,185.40.22.251,다용도 안정적 펌웨어,Khaki
김성진,세종특별자치시 양천구 서초대로 (미정고김면),38358,(유) 김,기술 및 기능계 강사,02-3733-5104,bagjia@example.com,fgim,172.26.61.229,162.124.253.216,인체 공학적인 필수 서비스 창구,LightPink
박도윤,세종특별자치시 송파구 압구정길,12303,유한회사 지김이,시스템 소프트웨어 개발자,055-600-4342,bagminsu@example.org,bagjeongja,172.28.59.137,196.29.145.189,안전한 최대화 패러다임,Purple
김우진,대구광역시 관악구 역삼로 (영자김동),48021,구박,기타 행정 및 경영지원 관리자,041-970-0197,minjicoe@example.org,minji06,10.170.206.182,203.165.217.64,선택적 잘 모듈화된 그래픽 인터페이스,Gold
윤도윤,대구광역시 은평구 봉은사9가 (민재김최읍),99411,(주) 우이고,기타 연극/영화 및 영상 관련 종사자,019-256-6134,jeongjahwang@example.org,yeongilbag,172.26.58.254,68.200.232.37,진보적인 최대화 도전,LightYellow
심정숙,광주광역시 북구 서초대760가 (미숙황박읍),41813,백송,가축 사육 종사원,017-895-2237,gimsunja@example.net,gimcunja,10.149.50.236,167.140.119.124,융합된 모듈형 포탈,MediumOrchid
김지우,세종특별자치시 동작구 언주로 (정남류이읍),49232,김박황,무역 사무원,051-814-3363,gimcunja@example.net,hyeonjunjo,192.168.208.72,219.111.187.98,진보적인 작동 솔루션,SeaShell
조종수,세종특별자치시 중구 학동거리,70670,주식회사 김,보조 교사 및 기타 교사,055-270-5669,gyeongja91@example.net,sanghyeon54,192.168.122.237,219.20.176.33,올바른 사이즈의 작동 엑스트라넷,SlateGray
최성훈,대전광역시 광진구 양재천0로 (은정이권면),66750,(유) 이,식품 및 담배 등급원,054-171-3771,seonghocoe@example.net,iim,10.66.46.93,109.57.72.220,융합된 하이브리드 그래픽 인터페이스,Yellow
박현정,인천광역시 강남구 석촌호수로 (경자박면),91895,(주) 문,미용사,054-410-9231,miyeong90@example.net,yejingim,192.168.74.58,207.102.5.34,인체 공학적인 해답 기반 포탈,FloralWhite
오채원,경기도 성남시 오금633길,79170,김이최,표백 및 염색 관련 조작원,032-099-3020,iyeongsun@example.net,jaeho65,172.16.123.41,125.144.161.172,다용도 지역적 펌웨어,Navy
